 email,  senha
 0.0649361182645408@mail.comuser123          
 0.42639646942201215@mail.comuser123           
 0.7753921997384382@mail.comuser123            
 0.764314221349175@mail.comuser123             
 0.5397299346411573@mail.comuser123            
 0.7900895837429885@mail.comuser123            
 0.8190925605285484@mail.comuser123            
 0.057303413031461664@mail.comuser123          
 0.8264668480866023@mail.comuser123            
 0.6287021659951498@mail.comuser123            
 0.3450871767579508@mail.comuser123            
